authority_name,authority_type,authority_evidence_url,publication_owner,authority_verification_status,jurisdiction,school_phase,learning_area_or_subject,document_title,version_or_effective_year,url,locator,licence,retrieval_date,content_hash
ACARA,statutory curriculum authority,https://www.acara.edu.au/about-us,"Australian Curriculum, Assessment and Reporting Authority (ACARA)",verified,Australia,F-10,English,English | V9 Australian Curriculum,9.0,https://www.australiancurriculum.edu.au/curriculum-information/understand-this-learning-area/english,Learning area > English > Structure,Creative Commons Attribution 4.0 International (CC BY 4.0),2026-08-30,sha256:9be674b90d04d528e57c296312d94323149bdf9f995b0e89288b7f8c208c91d2
ACARA,statutory curriculum authority,https://www.acara.edu.au/about-us,"Australian Curriculum, Assessment and Reporting Authority (ACARA)",verified,Australia,F-10,Mathematics,Mathematics | V9 Australian Curriculum,9.0,https://www.australiancurriculum.edu.au/curriculum-information/understand-this-learning-area/mathematics,Learning area > Mathematics > Structure,Creative Commons Attribution 4.0 International (CC BY 4.0),2026-08-30,sha256:84ffe87e6f1800ac77759825dc9192e0978f4ac919ec3c038c8dceb436e92194
ACARA,statutory curriculum authority,https://www.acara.edu.au/about-us,"Australian Curriculum, Assessment and Reporting Authority (ACARA)",verified,Australia,F-10,Science,Science | V9 Australian Curriculum,9.0,https://www.australiancurriculum.edu.au/curriculum-information/understand-this-learning-area/science,Learning area > Science > Structure,Creative Commons Attribution 4.0 International (CC BY 4.0),2026-08-30,sha256:a429f28b31352a625bf47d8759416103ea4c4bf16e859ff75d286f751a2e3179
ACARA,statutory curriculum authority,https://www.acara.edu.au/about-us,"Australian Curriculum, Assessment and Reporting Authority (ACARA)",verified,Australia,F-10,Health and Physical Education,Health and Physical Education | V9 Australian Curriculum,9.0,https://www.australiancurriculum.edu.au/curriculum-information/understand-this-learning-area/health-and-physical-education,Learning area > Health and Physical Education > Structure,Creative Commons Attribution 4.0 International (CC BY 4.0),2026-08-30,sha256:a22401afd2e1706235d7d46838f0cf12604a4f48e1a8b05a453f271f1fc273a0
ACARA,statutory curriculum authority,https://www.acara.edu.au/about-us,"Australian Curriculum, Assessment and Reporting Authority (ACARA)",verified,Australia,F-10,Humanities and Social Sciences,Humanities and Social Sciences | V9 Australian Curriculum,9.0,https://www.australiancurriculum.edu.au/curriculum-information/understand-this-learning-area/humanities-and-social-sciences,Learning area > Humanities and Social Sciences > Structure,Creative Commons Attribution 4.0 International (CC BY 4.0),2026-08-30,sha256:955acf64c8e8dfe7af065e32a645d21ecdabe4429dc0b8d775b53975ddba7e02
ACARA,statutory curriculum authority,https://www.acara.edu.au/about-us,"Australian Curriculum, Assessment and Reporting Authority (ACARA)",verified,Australia,F-10,The Arts,The Arts | V9 Australian Curriculum,9.0,https://www.australiancurriculum.edu.au/curriculum-information/understand-this-learning-area/the-arts,Learning area > The Arts > Structure,Creative Commons Attribution 4.0 International (CC BY 4.0),2026-08-30,sha256:b02225c3d04381a5fa9d6358c3cb0b0f0deba9044857f20e1f18fbb033e43080
ACARA,statutory curriculum authority,https://www.acara.edu.au/about-us,"Australian Curriculum, Assessment and Reporting Authority (ACARA)",verified,Australia,F-10,Technologies,Technologies | V9 Australian Curriculum,9.0,https://www.australiancurriculum.edu.au/curriculum-information/understand-this-learning-area/technologies,Learning area > Technologies > Structure,Creative Commons Attribution 4.0 International (CC BY 4.0),2026-08-30,sha256:b0ae8d21badf821b6f55cad785031099c3c1c515256eaa86c57b39d5ad072564
ACARA,statutory curriculum authority,https://www.acara.edu.au/about-us,"Australian Curriculum, Assessment and Reporting Authority (ACARA)",verified,Australia,F-10,Languages,Languages | V9 Australian Curriculum,9.0,https://www.australiancurriculum.edu.au/curriculum-information/understand-this-learning-area/languages,Learning area > Languages > Structure,Creative Commons Attribution 4.0 International (CC BY 4.0),2026-08-30,sha256:42724e9ad05594891f87987b4a58d8b0e561e2710a6c5491bb47e62cad358645
ACARA,statutory curriculum authority,https://www.acara.edu.au/about-us,"Australian Curriculum, Assessment and Reporting Authority (ACARA)",verified,Australia,F-10,General capabilities,General capabilities | V9 Australian Curriculum,9.0,https://www.australiancurriculum.edu.au/f-10-curriculum/general-capabilities,F-10 Curriculum > General capabilities > seven capabilities,Creative Commons Attribution 4.0 International (CC BY 4.0),2026-08-30,sha256:2fe7ac9ff4a58813aa8d5b2797dbc32515906e39d67dae8e478e0d9eb71fac8a
ACARA,statutory curriculum authority,https://www.acara.edu.au/about-us,"Australian Curriculum, Assessment and Reporting Authority (ACARA)",verified,Australia,F-10,Cross-curriculum priorities,Cross-curriculum priorities | V9 Australian Curriculum,9.0,https://www.australiancurriculum.edu.au/f-10-curriculum/cross-curriculum-priorities,F-10 Curriculum > Cross-curriculum priorities > three priorities,Creative Commons Attribution 4.0 International (CC BY 4.0),2026-08-30,sha256:42f36d94d534ceb344433e885c844a7e7e8017d0cfc1663dcfd9dce10bd7a5cb
ACARA,statutory curriculum authority,https://www.acara.edu.au/about-us,"Australian Curriculum, Assessment and Reporting Authority (ACARA)",verified,Australia,F-10,EAL/D students,EAL/D students | V9 Australian Curriculum,9.0,https://www.australiancurriculum.edu.au/student-diversity/eal-d-students,Student diversity > EAL/D students > EAL/D Overview,Creative Commons Attribution 4.0 International (CC BY 4.0),2026-08-30,sha256:8cce5db455bb4e9f8bf8546039b12a509831b09ff3ac90e0242ce238be4577dd
ACARA,statutory curriculum authority,https://www.acara.edu.au/about-us,"Australian Curriculum, Assessment and Reporting Authority (ACARA)",verified,Australia,F-10,Students with disability,Students with disability | V9 Australian Curriculum,9.0,https://www.australiancurriculum.edu.au/student-diversity/students-with-disability,Student diversity > Meeting the needs of students with disability,Creative Commons Attribution 4.0 International (CC BY 4.0),2026-08-30,sha256:0d9eac4c8b40000ab8447f84290316deae23123625cc9fa2c67667c0faaa4aad
ACARA,statutory curriculum authority,https://www.acara.edu.au/about-us,"Australian Curriculum, Assessment and Reporting Authority (ACARA)",verified,Australia,F-10,Machine-readable Australian Curriculum,Machine-readable Australian Curriculum | V9 Australian Curriculum,9.0,https://www.australiancurriculum.edu.au/machine-readable-australian-curriculum,Machine-readable Australian Curriculum (MRAC) Version 9.0 > Download MRAC files,Creative Commons Attribution 4.0 International (CC BY 4.0),2026-08-30,sha256:625ac65625c653ed3d1b58d9c2337620074b4bdade8b9a0fa3fa06c0841d12b3
ACARA,statutory curriculum authority,https://www.acara.edu.au/about-us,"Australian Curriculum, Assessment and Reporting Authority (ACARA)",verified,Australia,F-10,Curriculum licence,Copyright and terms of use | V9 Australian Curriculum,9.0,https://www.australiancurriculum.edu.au/copyright-and-terms-of-use,Copyright and terms of use > Creative Commons licence,Creative Commons Attribution 4.0 International (CC BY 4.0),2026-08-30,sha256:472821e241149e7167fc0e2feba2150ef14cb4d42b15db75c0b09ac23d0b0b3a
