inventory_id,australian_or_qcaa_concept,authority_tier,mapping_strength,rationale,source_ids,proposed_file_action,reviewer_decision
US-0001,F-12,curriculum-neutral/contextual,contextual,Applies plan default terminology rule,,review,pending
US-0002,F-12,curriculum-neutral/contextual,contextual,Applies plan default terminology rule,,review,pending
US-0003,F-12,curriculum-neutral/contextual,contextual,Applies plan default terminology rule,,review,pending
US-0004,to-maps,curriculum,pending,requires authority-verified mapping; see Gap register,02-source-register (subject-matched),review,pending
US-0005,F-12,curriculum-neutral/contextual,contextual,Applies plan default terminology rule,,review,pending
US-0006,English,curriculum-neutral/contextual,contextual,Applies plan default terminology rule,,review,pending
US-0007,F-12,curriculum-neutral/contextual,contextual,Applies plan default terminology rule,,review,pending
US-0008,to-maps,curriculum,pending,requires authority-verified mapping; see Gap register,02-source-register (subject-matched),review,pending
US-0009,to-maps,curriculum,pending,requires authority-verified mapping; see Gap register,02-source-register (subject-matched),review,pending
US-0010,to-maps,curriculum,pending,requires authority-verified mapping; see Gap register,02-source-register (subject-matched),review,pending
US-0011,F-12,curriculum-neutral/contextual,contextual,Applies plan default terminology rule,,review,pending
US-0012,to-maps,curriculum,pending,requires authority-verified mapping; see Gap register,02-source-register (subject-matched),review,pending
US-0013,to-maps,curriculum,pending,requires authority-verified mapping; see Gap register,02-source-register (subject-matched),review,pending
US-0014,to-maps,curriculum,pending,requires authority-verified mapping; see Gap register,02-source-register (subject-matched),review,pending
US-0015,to-maps,curriculum,pending,requires authority-verified mapping; see Gap register,02-source-register (subject-matched),review,pending
US-0016,to-maps,curriculum,pending,requires authority-verified mapping; see Gap register,02-source-register (subject-matched),review,pending
US-0017,to-maps,curriculum,pending,requires authority-verified mapping; see Gap register,02-source-register (subject-matched),review,pending
US-0018,to-maps,curriculum,pending,requires authority-verified mapping; see Gap register,02-source-register (subject-matched),review,pending
US-0019,to-maps,curriculum,pending,requires authority-verified mapping; see Gap register,02-source-register (subject-matched),review,pending
US-0020,to-maps,curriculum,pending,requires authority-verified mapping; see Gap register,02-source-register (subject-matched),review,pending
US-0021,to-maps,curriculum,pending,requires authority-verified mapping; see Gap register,02-source-register (subject-matched),review,pending
US-0022,F-12,curriculum-neutral/contextual,contextual,Applies plan default terminology rule,,review,pending
US-0023,English,curriculum-neutral/contextual,contextual,Applies plan default terminology rule,,review,pending
US-0024,F-6,curriculum-neutral/contextual,contextual,Applies plan default terminology rule,,review,pending
US-0025,English,curriculum-neutral/contextual,contextual,Applies plan default terminology rule,,review,pending
US-0026,to-maps,curriculum,pending,requires authority-verified mapping; see Gap register,02-source-register (subject-matched),review,pending
US-0027,to-maps,curriculum,pending,requires authority-verified mapping; see Gap register,02-source-register (subject-matched),review,pending
US-0028,to-maps,curriculum,pending,requires authority-verified mapping; see Gap register,02-source-register (subject-matched),review,pending
US-0029,to-maps,curriculum,pending,requires authority-verified mapping; see Gap register,02-source-register (subject-matched),review,pending
US-0030,to-maps,curriculum,pending,requires authority-verified mapping; see Gap register,02-source-register (subject-matched),review,pending
US-0031,to-maps,curriculum,pending,requires authority-verified mapping; see Gap register,02-source-register (subject-matched),review,pending
US-0032,to-maps,curriculum,pending,requires authority-verified mapping; see Gap register,02-source-register (subject-matched),review,pending
US-0033,to-maps,curriculum,pending,requires authority-verified mapping; see Gap register,02-source-register (subject-matched),review,pending
US-0034,to-maps,curriculum,pending,requires authority-verified mapping; see Gap register,02-source-register (subject-matched),review,pending
US-0035,to-maps,curriculum,pending,requires authority-verified mapping; see Gap register,02-source-register (subject-matched),review,pending
US-0036,to-maps,curriculum,pending,requires authority-verified mapping; see Gap register,02-source-register (subject-matched),review,pending
US-0037,to-maps,curriculum,pending,requires authority-verified mapping; see Gap register,02-source-register (subject-matched),review,pending
US-0038,to-maps,curriculum,pending,requires authority-verified mapping; see Gap register,02-source-register (subject-matched),review,pending
US-0039,year level,curriculum-neutral/contextual,contextual,Applies plan default terminology rule,,review,pending
US-0040,to-maps,curriculum,pending,requires authority-verified mapping; see Gap register,02-source-register (subject-matched),review,pending
US-0041,HASS (F-10) / named QCAA senior subject,curriculum-neutral/contextual,contextual,Applies plan default terminology rule,,review,pending
US-0042,to-maps,curriculum,pending,requires authority-verified mapping; see Gap register,02-source-register (subject-matched),review,pending
US-0043,to-maps,curriculum,pending,requires authority-verified mapping; see Gap register,02-source-register (subject-matched),review,pending
US-0044,to-maps,curriculum,pending,requires authority-verified mapping; see Gap register,02-source-register (subject-matched),review,pending
US-0045,to-maps,curriculum,pending,requires authority-verified mapping; see Gap register,02-source-register (subject-matched),review,pending
US-0046,to-maps,curriculum,pending,requires authority-verified mapping; see Gap register,02-source-register (subject-matched),review,pending
US-0047,to-maps,curriculum,pending,requires authority-verified mapping; see Gap register,02-source-register (subject-matched),review,pending
US-0048,English,curriculum-neutral/contextual,contextual,Applies plan default terminology rule,,review,pending
US-0049,to-maps,curriculum,pending,requires authority-verified mapping; see Gap register,02-source-register (subject-matched),review,pending
US-0050,to-maps,curriculum,pending,requires authority-verified mapping; see Gap register,02-source-register (subject-matched),review,pending
US-0051,English,curriculum-neutral/contextual,contextual,Applies plan default terminology rule,,review,pending
US-0052,to-maps,curriculum,pending,requires authority-verified mapping; see Gap register,02-source-register (subject-matched),review,pending
US-0053,to-maps,curriculum,pending,requires authority-verified mapping; see Gap register,02-source-register (subject-matched),review,pending
US-0054,to-maps,curriculum,pending,requires authority-verified mapping; see Gap register,02-source-register (subject-matched),review,pending
US-0055,to-maps,curriculum,pending,requires authority-verified mapping; see Gap register,02-source-register (subject-matched),review,pending
US-0056,to-maps,curriculum,pending,requires authority-verified mapping; see Gap register,02-source-register (subject-matched),review,pending
US-0057,to-maps,curriculum,pending,requires authority-verified mapping; see Gap register,02-source-register (subject-matched),review,pending
US-0058,to-maps,curriculum,pending,requires authority-verified mapping; see Gap register,02-source-register (subject-matched),review,pending
US-0059,to-maps,curriculum,pending,requires authority-verified mapping; see Gap register,02-source-register (subject-matched),review,pending
US-0060,to-maps,curriculum,pending,requires authority-verified mapping; see Gap register,02-source-register (subject-matched),review,pending
US-0061,to-maps,curriculum,pending,requires authority-verified mapping; see Gap register,02-source-register (subject-matched),review,pending
US-0062,to-maps,curriculum,pending,requires authority-verified mapping; see Gap register,02-source-register (subject-matched),review,pending
US-0063,to-maps,curriculum,pending,requires authority-verified mapping; see Gap register,02-source-register (subject-matched),review,pending
US-0064,to-maps,curriculum,pending,requires authority-verified mapping; see Gap register,02-source-register (subject-matched),review,pending
US-0065,to-maps,curriculum,pending,requires authority-verified mapping; see Gap register,02-source-register (subject-matched),review,pending
US-0066,to-maps,curriculum,pending,requires authority-verified mapping; see Gap register,02-source-register (subject-matched),review,pending
US-0067,to-maps,curriculum,pending,requires authority-verified mapping; see Gap register,02-source-register (subject-matched),review,pending
US-0068,to-maps,curriculum,pending,requires authority-verified mapping; see Gap register,02-source-register (subject-matched),review,pending
US-0069,to-maps,curriculum,pending,requires authority-verified mapping; see Gap register,02-source-register (subject-matched),review,pending
US-0070,to-maps,curriculum,pending,requires authority-verified mapping; see Gap register,02-source-register (subject-matched),review,pending
US-0071,to-maps,curriculum,pending,requires authority-verified mapping; see Gap register,02-source-register (subject-matched),review,pending
US-0072,to-maps,curriculum,pending,requires authority-verified mapping; see Gap register,02-source-register (subject-matched),review,pending
US-0073,to-maps,curriculum,pending,requires authority-verified mapping; see Gap register,02-source-register (subject-matched),review,pending
US-0074,to-maps,curriculum,pending,requires authority-verified mapping; see Gap register,02-source-register (subject-matched),review,pending
US-0075,to-maps,curriculum,pending,requires authority-verified mapping; see Gap register,02-source-register (subject-matched),review,pending
US-0076,to-maps,curriculum,pending,requires authority-verified mapping; see Gap register,02-source-register (subject-matched),review,pending
US-0077,to-maps,curriculum,pending,requires authority-verified mapping; see Gap register,02-source-register (subject-matched),review,pending
US-0078,to-maps,curriculum,pending,requires authority-verified mapping; see Gap register,02-source-register (subject-matched),review,pending
US-0079,F-12,curriculum-neutral/contextual,contextual,Applies plan default terminology rule,,review,pending
US-0080,F-12,curriculum-neutral/contextual,contextual,Applies plan default terminology rule,,review,pending
US-0081,English,curriculum-neutral/contextual,contextual,Applies plan default terminology rule,,review,pending
US-0082,to-maps,curriculum,pending,requires authority-verified mapping; see Gap register,02-source-register (subject-matched),review,pending
US-0083,to-maps,curriculum,pending,requires authority-verified mapping; see Gap register,02-source-register (subject-matched),review,pending
US-0084,F-12,curriculum-neutral/contextual,contextual,Applies plan default terminology rule,,review,pending
US-0085,to-maps,curriculum,pending,requires authority-verified mapping; see Gap register,02-source-register (subject-matched),review,pending
US-0086,to-maps,curriculum,pending,requires authority-verified mapping; see Gap register,02-source-register (subject-matched),review,pending
US-0087,English,curriculum-neutral/contextual,contextual,Applies plan default terminology rule,,review,pending
US-0088,to-maps,curriculum,pending,requires authority-verified mapping; see Gap register,02-source-register (subject-matched),review,pending
US-0089,to-maps,curriculum,pending,requires authority-verified mapping; see Gap register,02-source-register (subject-matched),review,pending
US-0090,to-maps,curriculum,pending,requires authority-verified mapping; see Gap register,02-source-register (subject-matched),review,pending
US-0091,to-maps,curriculum,pending,requires authority-verified mapping; see Gap register,02-source-register (subject-matched),review,pending
US-0092,to-maps,curriculum,pending,requires authority-verified mapping; see Gap register,02-source-register (subject-matched),review,pending
US-0093,to-maps,curriculum,pending,requires authority-verified mapping; see Gap register,02-source-register (subject-matched),review,pending
US-0094,to-maps,curriculum,pending,requires authority-verified mapping; see Gap register,02-source-register (subject-matched),review,pending
US-0095,to-maps,curriculum,pending,requires authority-verified mapping; see Gap register,02-source-register (subject-matched),review,pending
US-0096,to-maps,curriculum,pending,requires authority-verified mapping; see Gap register,02-source-register (subject-matched),review,pending
US-0097,to-maps,curriculum,pending,requires authority-verified mapping; see Gap register,02-source-register (subject-matched),review,pending
US-0098,to-maps,curriculum,pending,requires authority-verified mapping; see Gap register,02-source-register (subject-matched),review,pending
US-0099,to-maps,curriculum,pending,requires authority-verified mapping; see Gap register,02-source-register (subject-matched),review,pending
US-0100,to-maps,curriculum,pending,requires authority-verified mapping; see Gap register,02-source-register (subject-matched),review,pending
US-0101,to-maps,curriculum,pending,requires authority-verified mapping; see Gap register,02-source-register (subject-matched),review,pending
US-0102,to-maps,curriculum,pending,requires authority-verified mapping; see Gap register,02-source-register (subject-matched),review,pending
US-0103,to-maps,curriculum,pending,requires authority-verified mapping; see Gap register,02-source-register (subject-matched),review,pending
US-0104,to-maps,curriculum,pending,requires authority-verified mapping; see Gap register,02-source-register (subject-matched),review,pending
US-0105,to-maps,curriculum,pending,requires authority-verified mapping; see Gap register,02-source-register (subject-matched),review,pending
US-0106,F-12,curriculum-neutral/contextual,contextual,Applies plan default terminology rule,,review,pending
US-0107,to-maps,curriculum,pending,requires authority-verified mapping; see Gap register,02-source-register (subject-matched),review,pending
US-0108,to-maps,curriculum,pending,requires authority-verified mapping; see Gap register,02-source-register (subject-matched),review,pending
US-0109,to-maps,curriculum,pending,requires authority-verified mapping; see Gap register,02-source-register (subject-matched),review,pending
US-0110,F-12,curriculum-neutral/contextual,contextual,Applies plan default terminology rule,,review,pending
US-0111,English,curriculum-neutral/contextual,contextual,Applies plan default terminology rule,,review,pending
US-0112,to-maps,curriculum,pending,requires authority-verified mapping; see Gap register,02-source-register (subject-matched),review,pending
US-0113,to-maps,curriculum,pending,requires authority-verified mapping; see Gap register,02-source-register (subject-matched),review,pending
US-0114,to-maps,curriculum,pending,requires authority-verified mapping; see Gap register,02-source-register (subject-matched),review,pending
US-0115,English,curriculum-neutral/contextual,contextual,Applies plan default terminology rule,,review,pending
US-0116,to-maps,curriculum,pending,requires authority-verified mapping; see Gap register,02-source-register (subject-matched),review,pending
US-0117,to-maps,curriculum,pending,requires authority-verified mapping; see Gap register,02-source-register (subject-matched),review,pending
US-0118,to-maps,curriculum,pending,requires authority-verified mapping; see Gap register,02-source-register (subject-matched),review,pending
US-0119,English,curriculum-neutral/contextual,contextual,Applies plan default terminology rule,,review,pending
US-0120,to-maps,curriculum,pending,requires authority-verified mapping; see Gap register,02-source-register (subject-matched),review,pending
US-0121,to-maps,curriculum,pending,requires authority-verified mapping; see Gap register,02-source-register (subject-matched),review,pending
US-0122,to-maps,curriculum,pending,requires authority-verified mapping; see Gap register,02-source-register (subject-matched),review,pending
US-0123,to-maps,curriculum,pending,requires authority-verified mapping; see Gap register,02-source-register (subject-matched),review,pending
US-0124,to-maps,curriculum,pending,requires authority-verified mapping; see Gap register,02-source-register (subject-matched),review,pending
US-0125,to-maps,curriculum,pending,requires authority-verified mapping; see Gap register,02-source-register (subject-matched),review,pending
US-0126,to-maps,curriculum,pending,requires authority-verified mapping; see Gap register,02-source-register (subject-matched),review,pending
US-0127,HASS (F-10) / named QCAA senior subject,curriculum-neutral/contextual,contextual,Applies plan default terminology rule,,review,pending
US-0128,to-maps,curriculum,pending,requires authority-verified mapping; see Gap register,02-source-register (subject-matched),review,pending
US-0129,to-maps,curriculum,pending,requires authority-verified mapping; see Gap register,02-source-register (subject-matched),review,pending
US-0130,to-maps,curriculum,pending,requires authority-verified mapping; see Gap register,02-source-register (subject-matched),review,pending
US-0131,English,curriculum-neutral/contextual,contextual,Applies plan default terminology rule,,review,pending
US-0132,to-maps,curriculum,pending,requires authority-verified mapping; see Gap register,02-source-register (subject-matched),review,pending
US-0133,to-maps,curriculum,pending,requires authority-verified mapping; see Gap register,02-source-register (subject-matched),review,pending
US-0134,to-maps,curriculum,pending,requires authority-verified mapping; see Gap register,02-source-register (subject-matched),review,pending
US-0135,to-maps,curriculum,pending,requires authority-verified mapping; see Gap register,02-source-register (subject-matched),review,pending
US-0136,to-maps,curriculum,pending,requires authority-verified mapping; see Gap register,02-source-register (subject-matched),review,pending
US-0137,to-maps,curriculum,pending,requires authority-verified mapping; see Gap register,02-source-register (subject-matched),review,pending
US-0138,to-maps,curriculum,pending,requires authority-verified mapping; see Gap register,02-source-register (subject-matched),review,pending
US-0139,to-maps,curriculum,pending,requires authority-verified mapping; see Gap register,02-source-register (subject-matched),review,pending
US-0140,HASS (F-10) / named QCAA senior subject,curriculum-neutral/contextual,contextual,Applies plan default terminology rule,,review,pending
US-0141,to-maps,curriculum,pending,requires authority-verified mapping; see Gap register,02-source-register (subject-matched),review,pending
US-0142,to-maps,curriculum,pending,requires authority-verified mapping; see Gap register,02-source-register (subject-matched),review,pending
US-0143,to-maps,curriculum,pending,requires authority-verified mapping; see Gap register,02-source-register (subject-matched),review,pending
US-0144,to-maps,curriculum,pending,requires authority-verified mapping; see Gap register,02-source-register (subject-matched),review,pending
US-0145,to-maps,curriculum,pending,requires authority-verified mapping; see Gap register,02-source-register (subject-matched),review,pending
US-0146,to-maps,curriculum,pending,requires authority-verified mapping; see Gap register,02-source-register (subject-matched),review,pending
US-0147,to-maps,curriculum,pending,requires authority-verified mapping; see Gap register,02-source-register (subject-matched),review,pending
US-0148,to-maps,curriculum,pending,requires authority-verified mapping; see Gap register,02-source-register (subject-matched),review,pending
US-0149,to-maps,curriculum,pending,requires authority-verified mapping; see Gap register,02-source-register (subject-matched),review,pending
US-0150,to-maps,curriculum,pending,requires authority-verified mapping; see Gap register,02-source-register (subject-matched),review,pending
US-0151,to-maps,curriculum,pending,requires authority-verified mapping; see Gap register,02-source-register (subject-matched),review,pending
US-0152,to-maps,curriculum,pending,requires authority-verified mapping; see Gap register,02-source-register (subject-matched),review,pending
US-0153,to-maps,curriculum,pending,requires authority-verified mapping; see Gap register,02-source-register (subject-matched),review,pending
US-0154,to-maps,curriculum,pending,requires authority-verified mapping; see Gap register,02-source-register (subject-matched),review,pending
US-0155,to-maps,curriculum,pending,requires authority-verified mapping; see Gap register,02-source-register (subject-matched),review,pending
US-0156,HASS (F-10) / named QCAA senior subject,curriculum-neutral/contextual,contextual,Applies plan default terminology rule,,review,pending
US-0157,to-maps,curriculum,pending,requires authority-verified mapping; see Gap register,02-source-register (subject-matched),review,pending
US-0158,HASS (F-10) / named QCAA senior subject,curriculum-neutral/contextual,contextual,Applies plan default terminology rule,,review,pending
US-0159,to-maps,curriculum,pending,requires authority-verified mapping; see Gap register,02-source-register (subject-matched),review,pending
US-0160,to-maps,curriculum,pending,requires authority-verified mapping; see Gap register,02-source-register (subject-matched),review,pending
US-0161,year level,curriculum-neutral/contextual,contextual,Applies plan default terminology rule,,review,pending
US-0162,to-maps,curriculum,pending,requires authority-verified mapping; see Gap register,02-source-register (subject-matched),review,pending
US-0163,to-maps,curriculum,pending,requires authority-verified mapping; see Gap register,02-source-register (subject-matched),review,pending
US-0164,to-maps,curriculum,pending,requires authority-verified mapping; see Gap register,02-source-register (subject-matched),review,pending
US-0165,to-maps,curriculum,pending,requires authority-verified mapping; see Gap register,02-source-register (subject-matched),review,pending
US-0166,English,curriculum-neutral/contextual,contextual,Applies plan default terminology rule,,review,pending
US-0167,year level,curriculum-neutral/contextual,contextual,Applies plan default terminology rule,,review,pending
US-0168,F-12,curriculum-neutral/contextual,contextual,Applies plan default terminology rule,,review,pending
US-0169,HASS (F-10) / named QCAA senior subject,curriculum-neutral/contextual,contextual,Applies plan default terminology rule,,review,pending
US-0170,to-maps,curriculum,pending,requires authority-verified mapping; see Gap register,02-source-register (subject-matched),review,pending
US-0171,English,curriculum-neutral/contextual,contextual,Applies plan default terminology rule,,review,pending
US-0172,to-maps,curriculum,pending,requires authority-verified mapping; see Gap register,02-source-register (subject-matched),review,pending
US-0173,to-maps,curriculum,pending,requires authority-verified mapping; see Gap register,02-source-register (subject-matched),review,pending
US-0174,to-maps,curriculum,pending,requires authority-verified mapping; see Gap register,02-source-register (subject-matched),review,pending
US-0175,to-maps,curriculum,pending,requires authority-verified mapping; see Gap register,02-source-register (subject-matched),review,pending
US-0176,F-12,curriculum-neutral/contextual,contextual,Applies plan default terminology rule,,review,pending
US-0177,to-maps,curriculum,pending,requires authority-verified mapping; see Gap register,02-source-register (subject-matched),review,pending
US-0178,to-maps,curriculum,pending,requires authority-verified mapping; see Gap register,02-source-register (subject-matched),review,pending
US-0179,English,curriculum-neutral/contextual,contextual,Applies plan default terminology rule,,review,pending
US-0180,to-maps,curriculum,pending,requires authority-verified mapping; see Gap register,02-source-register (subject-matched),review,pending
US-0181,to-maps,curriculum,pending,requires authority-verified mapping; see Gap register,02-source-register (subject-matched),review,pending
US-0182,to-maps,curriculum,pending,requires authority-verified mapping; see Gap register,02-source-register (subject-matched),review,pending
US-0183,English,curriculum-neutral/contextual,contextual,Applies plan default terminology rule,,review,pending
US-0184,to-maps,curriculum,pending,requires authority-verified mapping; see Gap register,02-source-register (subject-matched),review,pending
US-0185,to-maps,curriculum,pending,requires authority-verified mapping; see Gap register,02-source-register (subject-matched),review,pending
US-0186,to-maps,curriculum,pending,requires authority-verified mapping; see Gap register,02-source-register (subject-matched),review,pending
US-0187,to-maps,curriculum,pending,requires authority-verified mapping; see Gap register,02-source-register (subject-matched),review,pending
US-0188,to-maps,curriculum,pending,requires authority-verified mapping; see Gap register,02-source-register (subject-matched),review,pending
US-0189,to-maps,curriculum,pending,requires authority-verified mapping; see Gap register,02-source-register (subject-matched),review,pending
US-0190,to-maps,curriculum,pending,requires authority-verified mapping; see Gap register,02-source-register (subject-matched),review,pending
US-0191,to-maps,curriculum,pending,requires authority-verified mapping; see Gap register,02-source-register (subject-matched),review,pending
US-0192,to-maps,curriculum,pending,requires authority-verified mapping; see Gap register,02-source-register (subject-matched),review,pending
US-0193,to-maps,curriculum,pending,requires authority-verified mapping; see Gap register,02-source-register (subject-matched),review,pending
US-0194,to-maps,curriculum,pending,requires authority-verified mapping; see Gap register,02-source-register (subject-matched),review,pending
US-0195,to-maps,curriculum,pending,requires authority-verified mapping; see Gap register,02-source-register (subject-matched),review,pending
US-0196,to-maps,curriculum,pending,requires authority-verified mapping; see Gap register,02-source-register (subject-matched),review,pending
US-0197,to-maps,curriculum,pending,requires authority-verified mapping; see Gap register,02-source-register (subject-matched),review,pending
US-0198,to-maps,curriculum,pending,requires authority-verified mapping; see Gap register,02-source-register (subject-matched),review,pending
US-0199,to-maps,curriculum,pending,requires authority-verified mapping; see Gap register,02-source-register (subject-matched),review,pending
US-0200,to-maps,curriculum,pending,requires authority-verified mapping; see Gap register,02-source-register (subject-matched),review,pending
US-0201,to-maps,curriculum,pending,requires authority-verified mapping; see Gap register,02-source-register (subject-matched),review,pending
US-0202,to-maps,curriculum,pending,requires authority-verified mapping; see Gap register,02-source-register (subject-matched),review,pending
US-0203,year level,curriculum-neutral/contextual,contextual,Applies plan default terminology rule,,review,pending
US-0204,to-maps,curriculum,pending,requires authority-verified mapping; see Gap register,02-source-register (subject-matched),review,pending
US-0205,to-maps,curriculum,pending,requires authority-verified mapping; see Gap register,02-source-register (subject-matched),review,pending
US-0206,HASS (F-10) / named QCAA senior subject,curriculum-neutral/contextual,contextual,Applies plan default terminology rule,,review,pending
US-0207,to-maps,curriculum,pending,requires authority-verified mapping; see Gap register,02-source-register (subject-matched),review,pending
US-0208,Mathematics,curriculum-neutral/contextual,contextual,Applies plan default terminology rule,,review,pending
US-0209,to-maps,curriculum,pending,requires authority-verified mapping; see Gap register,02-source-register (subject-matched),review,pending
US-0210,to-maps,curriculum,pending,requires authority-verified mapping; see Gap register,02-source-register (subject-matched),review,pending
US-0211,to-maps,curriculum,pending,requires authority-verified mapping; see Gap register,02-source-register (subject-matched),review,pending
US-0212,to-maps,curriculum,pending,requires authority-verified mapping; see Gap register,02-source-register (subject-matched),review,pending
US-0213,to-maps,curriculum,pending,requires authority-verified mapping; see Gap register,02-source-register (subject-matched),review,pending
US-0214,to-maps,curriculum,pending,requires authority-verified mapping; see Gap register,02-source-register (subject-matched),review,pending
US-0215,HASS (F-10) / named QCAA senior subject,curriculum-neutral/contextual,contextual,Applies plan default terminology rule,,review,pending
US-0216,to-maps,curriculum,pending,requires authority-verified mapping; see Gap register,02-source-register (subject-matched),review,pending
US-0217,to-maps,curriculum,pending,requires authority-verified mapping; see Gap register,02-source-register (subject-matched),review,pending
US-0218,to-maps,curriculum,pending,requires authority-verified mapping; see Gap register,02-source-register (subject-matched),review,pending
US-0219,to-maps,curriculum,pending,requires authority-verified mapping; see Gap register,02-source-register (subject-matched),review,pending
US-0220,to-maps,curriculum,pending,requires authority-verified mapping; see Gap register,02-source-register (subject-matched),review,pending
US-0221,to-maps,curriculum,pending,requires authority-verified mapping; see Gap register,02-source-register (subject-matched),review,pending
US-0222,to-maps,curriculum,pending,requires authority-verified mapping; see Gap register,02-source-register (subject-matched),review,pending
US-0223,to-maps,curriculum,pending,requires authority-verified mapping; see Gap register,02-source-register (subject-matched),review,pending
US-0224,year level,curriculum-neutral/contextual,contextual,Applies plan default terminology rule,,review,pending
US-0225,to-maps,curriculum,pending,requires authority-verified mapping; see Gap register,02-source-register (subject-matched),review,pending
US-0226,to-maps,curriculum,pending,requires authority-verified mapping; see Gap register,02-source-register (subject-matched),review,pending
US-0227,to-maps,curriculum,pending,requires authority-verified mapping; see Gap register,02-source-register (subject-matched),review,pending
US-0228,to-maps,curriculum,pending,requires authority-verified mapping; see Gap register,02-source-register (subject-matched),review,pending
US-0229,to-maps,curriculum,pending,requires authority-verified mapping; see Gap register,02-source-register (subject-matched),review,pending
US-0230,to-maps,curriculum,pending,requires authority-verified mapping; see Gap register,02-source-register (subject-matched),review,pending
US-0231,to-maps,curriculum,pending,requires authority-verified mapping; see Gap register,02-source-register (subject-matched),review,pending
US-0232,to-maps,curriculum,pending,requires authority-verified mapping; see Gap register,02-source-register (subject-matched),review,pending
US-0233,HASS (F-10) / named QCAA senior subject,curriculum-neutral/contextual,contextual,Applies plan default terminology rule,,review,pending
US-0234,to-maps,curriculum,pending,requires authority-verified mapping; see Gap register,02-source-register (subject-matched),review,pending
US-0235,HASS (F-10) / named QCAA senior subject,curriculum-neutral/contextual,contextual,Applies plan default terminology rule,,review,pending
US-0236,to-maps,curriculum,pending,requires authority-verified mapping; see Gap register,02-source-register (subject-matched),review,pending
US-0237,to-maps,curriculum,pending,requires authority-verified mapping; see Gap register,02-source-register (subject-matched),review,pending
US-0238,to-maps,curriculum,pending,requires authority-verified mapping; see Gap register,02-source-register (subject-matched),review,pending
US-0239,to-maps,curriculum,pending,requires authority-verified mapping; see Gap register,02-source-register (subject-matched),review,pending
US-0240,to-maps,curriculum,pending,requires authority-verified mapping; see Gap register,02-source-register (subject-matched),review,pending
US-0241,year level,curriculum-neutral/contextual,contextual,Applies plan default terminology rule,,review,pending
US-0242,to-maps,curriculum,pending,requires authority-verified mapping; see Gap register,02-source-register (subject-matched),review,pending
US-0243,F-12,curriculum-neutral/contextual,contextual,Applies plan default terminology rule,,review,pending
US-0244,to-maps,curriculum,pending,requires authority-verified mapping; see Gap register,02-source-register (subject-matched),review,pending
US-0245,F-12,curriculum-neutral/contextual,contextual,Applies plan default terminology rule,,review,pending
