source_id,authority_name,authority_type,authority_evidence_url,publication_owner,authority_verification_status,jurisdiction,school_phase,learning_area_or_subject,document_title,version_or_effective_year,url,locator,licence,retrieval_date,content_hash
SRC-0001,QCAA,statutory curriculum authority,https://www.qcaa.qld.edu.au/about/governance/legislation,Queensland Curriculum and Assessment Authority,verified,Queensland,Years 11-12,The Arts,Music General senior syllabus (HTML page),2025 v1.3,https://www.qcaa.qld.edu.au/senior/senior-subjects/syllabuses/the-arts/music,HTML: #content; Syllabus; Resources > Sample assessment instruments; Past papers; Subject reports; Last updated 15 June 2026,CC BY 4.0 (https://creativecommons.org/licenses/by/4.0/),2026-09-02,sha256:ed9c758d656ba77c6c3c4d064205903e9c6974f7e4143f4318cc9ae87ab45fd3
SRC-0002,QCAA,statutory curriculum authority,https://www.qcaa.qld.edu.au/about/governance/legislation,Queensland Curriculum and Assessment Authority,verified,Queensland,Years 11-12,The Arts,Music 2025 v1.3 General senior syllabus PDF,2025 v1.3,https://www.qcaa.qld.edu.au/downloads/senior-qce/syllabuses/snr_music_25_syll.pdf,"PDF, 49 pages; cover; pp. 3-4 (syllabus objectives); pp. 21, 24, 28, 30 (units 1-4); pp. 32-48 (assessment)",CC BY 4.0 (https://creativecommons.org/licenses/by/4.0/),2026-09-02,sha256:2fccb5720c16f622183686b710302a0821e05c6388477433daa9c34fc60aecc4
SRC-0003,QCAA,statutory curriculum authority,https://www.qcaa.qld.edu.au/about/governance/legislation,Queensland Curriculum and Assessment Authority,verified,Queensland,Years 11-12,The Arts,Key senior subject changes: For external assessment in 2026,2026,https://www.qcaa.qld.edu.au/downloads/senior-qce/common/snr_key_subj_changes_ea_26.pdf,PDF (295.1 KB),CC BY 4.0 (https://creativecommons.org/licenses/by/4.0/),2026-09-02,sha256:780c2b0180ecd22e9237e33bc624aec49c45da73bfbe2e8c4040dd16a02cc428
SRC-0004,QCAA,statutory curriculum authority,https://www.qcaa.qld.edu.au/about/governance/legislation,Queensland Curriculum and Assessment Authority,verified,Queensland,Years 11-12,The Arts,Sample assessment instrument: Performance (Unit 3 IA1),2025,https://www.qcaa.qld.edu.au/downloads/senior-qce/arts/snr_music_25_unit3_ia1_smple_ass_inst.pdf,PDF (158.3 KB),CC BY 4.0 (https://creativecommons.org/licenses/by/4.0/),2026-09-02,sha256:e3fdc2cd7400756bdd1fbb80a686573cd347d68232ebc39cc9dd018d9c5dceda
SRC-0005,QCAA,statutory curriculum authority,https://www.qcaa.qld.edu.au/about/governance/legislation,Queensland Curriculum and Assessment Authority,verified,Queensland,Years 11-12,The Arts,Sample assessment instrument: Composition (Unit 3 IA2),2025,https://www.qcaa.qld.edu.au/downloads/senior-qce/arts/snr_music_25_unit3_ia2_smple_ass_inst.pdf,PDF (159.3 KB),CC BY 4.0 (https://creativecommons.org/licenses/by/4.0/),2026-09-02,sha256:649a6704d187c2aac536f56611520ac45f4ca42c395f61d1661eeed31c14e67a
SRC-0006,QCAA,statutory curriculum authority,https://www.qcaa.qld.edu.au/about/governance/legislation,Queensland Curriculum and Assessment Authority,verified,Queensland,Years 11-12,The Arts,Sample assessment instrument: Project (Composition) (Unit 4 IA3),2025,https://www.qcaa.qld.edu.au/downloads/senior-qce/arts/snr_music_25_comp_unit4_ia3_smple_ass_inst.pdf,PDF (161.7 KB),CC BY 4.0 (https://creativecommons.org/licenses/by/4.0/),2026-09-02,sha256:4b990c6d8e8a23ff6032657be6f4fa51754985f6351f9b60d61e2f1045777bf7
SRC-0007,QCAA,statutory curriculum authority,https://www.qcaa.qld.edu.au/about/governance/legislation,Queensland Curriculum and Assessment Authority,verified,Queensland,Years 11-12,The Arts,Sample assessment instrument: Project (Performance) (Unit 4 IA3),2025,https://www.qcaa.qld.edu.au/downloads/senior-qce/arts/snr_music_25_perf_unit4_ia3_smple_ass_inst.pdf,PDF (171.7 KB),CC BY 4.0 (https://creativecommons.org/licenses/by/4.0/),2026-09-02,sha256:26f8a4f6e82db5b6e51a5386cfdcb7f74b5a7e521896ecd1576db41d7f879b3a
SRC-0008,QCAA,statutory curriculum authority,https://www.qcaa.qld.edu.au/about/governance/legislation,Queensland Curriculum and Assessment Authority,verified,Queensland,Years 11-12,The Arts,Quality assurance: Confirmation submission information,2025,https://www.qcaa.qld.edu.au/downloads/senior-qce/common/snr_qa_confirm_submission_info.pdf,PDF (904.6 KB),CC BY 4.0 (https://creativecommons.org/licenses/by/4.0/),2026-09-02,sha256:46df554a210f923f5219501a87c4028ffea2ffe75098b0ff889629fd9e572273
SRC-0009,QCAA,statutory curriculum authority,https://www.qcaa.qld.edu.au/about/governance/legislation,Queensland Curriculum and Assessment Authority,verified,Queensland,Years 11-12,The Arts,Subject report: Endorsement 2026,2026,https://www.qcaa.qld.edu.au/downloads/senior-qce/arts/snr_music_26_subj_rpt_endorse.pdf,PDF (178.6 KB),CC BY 4.0 (https://creativecommons.org/licenses/by/4.0/),2026-09-02,sha256:289eadf03eae532d30b256f88783bc7e17c83fd6be70443ea6e842e16f34e4ab
SRC-0010,QCAA,statutory curriculum authority,https://www.qcaa.qld.edu.au/about/governance/legislation,Queensland Curriculum and Assessment Authority,verified,Queensland,Years 11-12,The Arts,Past paper: Marking guide 2025,2025,https://www.qcaa.qld.edu.au/downloads/senior-qce/arts/snr_music_25_ea_mark_guide_pub.pdf,PDF (351.4 KB),CC BY 4.0 (https://creativecommons.org/licenses/by/4.0/),2026-09-02,sha256:aeb0e90aa049cdef9eecee90ebd6972625a440937b1d75749b74029e07cb89c7
SRC-0011,QCAA,statutory curriculum authority,https://www.qcaa.qld.edu.au/about/governance/legislation,Queensland Curriculum and Assessment Authority,verified,Queensland,Years 11-12,The Arts,Past paper: Question and response book 2025,2025,https://www.qcaa.qld.edu.au/downloads/senior-qce/arts/snr_music_25_question_response.pdf,PDF (748.5 KB),CC BY 4.0 (https://creativecommons.org/licenses/by/4.0/),2026-09-02,sha256:996df534dbefb1284a2d65f4f150f365cbf0f1c624196af97f88d07cd57d3ae0
SRC-0012,QCAA,statutory curriculum authority,https://www.qcaa.qld.edu.au/about/governance/legislation,Queensland Curriculum and Assessment Authority,verified,Queensland,Years 11-12,The Arts,Past paper: Stimulus book 2025,2025,https://www.qcaa.qld.edu.au/downloads/senior-qce/arts/snr_music_25_stimulus.pdf,PDF (251.6 KB),CC BY 4.0 (https://creativecommons.org/licenses/by/4.0/),2026-09-02,sha256:46fad513427af4d70689ad972b82942db3d29d9facf6529c8f058aeab028146b
