authority_name,authority_type,authority_evidence_url,publication_owner,authority_verification_status,jurisdiction,school_phase,learning_area_or_subject,document_title,version_or_effective_year,url,locator,licence,retrieval_date,content_hash,status
QCAA,statutory curriculum authority,https://www.qcaa.qld.edu.au/about/governance/legislation,Queensland Curriculum and Assessment Authority,verified,Queensland,Years 11-12,Health and Physical Education,Health General senior syllabus 2025 v1.3 (HTML page),2025 v1.3,https://www.qcaa.qld.edu.au/senior/senior-subjects/syllabuses/health-physical-education/health,HTML page; page title 'Health General senior syllabus'; Syllabus section lists Health 2025 v1.3 (PDF 1.2 MB) and associated material; Resources sections list past papers and sample assessment instruments and subject reports; last updated 15 June 2026,CC BY 4.0 (https://creativecommons.org/licenses/by/4.0/),2026-09-02,sha256:4061a33a78c477f32785744960dfc4bb4d0ce2b78e8fb03aa5e86f9d44404782,current
QCAA,statutory curriculum authority,https://www.qcaa.qld.edu.au/about/governance/legislation,Queensland Curriculum and Assessment Authority,verified,Queensland,Years 11-12,Health and Physical Education,Health 2025 v1.3 General senior syllabus PDF,2025 v1.3,https://www.qcaa.qld.edu.au/downloads/senior-qce/syllabuses/snr_health_25_syll.pdf,PDF (1.2 MB; 70 pages); cover; syllabus objectives pp. 3-4; designing a course of study pp. 5-10; units pp. 12-48; assessment pp. 49-66; version history p. 70,CC BY 4.0 (https://creativecommons.org/licenses/by/4.0/),2026-09-02,sha256:b9aacfead8bbc0090f3861693d745e066df32186d1c6610cea68b2463de58d3a,current
QCAA,statutory curriculum authority,https://www.qcaa.qld.edu.au/about/governance/legislation,Queensland Curriculum and Assessment Authority,verified,Queensland,Years 11-12,Health and Physical Education,Key senior subject changes: For external assessment in 2026,2026,https://www.qcaa.qld.edu.au/downloads/senior-qce/common/snr_key_subj_changes_ea_26.pdf,PDF (295.1 KB); Health listed among subjects with external assessment in 2026,CC BY 4.0 (https://creativecommons.org/licenses/by/4.0/),2026-09-02,sha256:a02e4c64f8d5cc3766c6659479a8165fed8f910ff5e918e8338b0c5cc41b050a,current
QCAA,statutory curriculum authority,https://www.qcaa.qld.edu.au/about/governance/legislation,Queensland Curriculum and Assessment Authority,verified,Queensland,Years 11-12,Health and Physical Education,Health inquiry model resource,2025 v1.2 (resource label),https://www.qcaa.qld.edu.au/downloads/senior-qce/hpe/snr_health_25_syll_inq_mod_res.pdf,PDF (2.1 MB; 28 pages); linked from subject page under Associated material,CC BY 4.0 (https://creativecommons.org/licenses/by/4.0/),2026-09-02,sha256:dfaec6f8a7ba18529553690b2a02170d29df9c12bd4837ed75883bf6f084b43d,current
QCAA,statutory curriculum authority,https://www.qcaa.qld.edu.au/about/governance/legislation,Queensland Curriculum and Assessment Authority,verified,Queensland,Years 11-12,Health and Physical Education,Quality assurance: Confirmation submission information,2026,https://www.qcaa.qld.edu.au/downloads/senior-qce/common/snr_qa_confirm_submission_info.pdf,PDF (904.6 KB; 79 pages); QA confirmation submission guidance linked from subject page,CC BY 4.0 (https://creativecommons.org/licenses/by/4.0/),2026-09-02,sha256:09b1a1d99fb577f54fd50f3a73dedbea0ce58704ff8fa76349f060d6648fa58d,current
QCAA,statutory curriculum authority,https://www.qcaa.qld.edu.au/about/governance/legislation,Queensland Curriculum and Assessment Authority,verified,Queensland,Years 11-12,Health and Physical Education,Sample assessment instrument: Action research Unit 3 IA1 (Elective topic 1: Homelessness),2025,https://www.qcaa.qld.edu.au/downloads/senior-qce/hpe/snr_health_25_unit3_ia1_e1_smple_ass_inst.pdf,PDF (199.1 KB; 8 pages); linked from subject page under Sample assessment instruments,CC BY 4.0 (https://creativecommons.org/licenses/by/4.0/),2026-09-02,sha256:d6d5bd568b2ebc714afc2f230164706e3b0956f32974f8d0f74bc92a3809b3d8,current
QCAA,statutory curriculum authority,https://www.qcaa.qld.edu.au/about/governance/legislation,Queensland Curriculum and Assessment Authority,verified,Queensland,Years 11-12,Health and Physical Education,Sample assessment instrument: Action research Unit 3 IA1 (Elective topic 2: Transport safety),2025,https://www.qcaa.qld.edu.au/downloads/senior-qce/hpe/snr_health_25_unit3_ia1_e2_smple_ass_inst.pdf,PDF (204.1 KB; 8 pages); linked from subject page under Sample assessment instruments,CC BY 4.0 (https://creativecommons.org/licenses/by/4.0/),2026-09-02,sha256:7c66b11e776b4780b59e194ff614614eb824647a51680ef1f159226aa7561daa,current
QCAA,statutory curriculum authority,https://www.qcaa.qld.edu.au/about/governance/legislation,Queensland Curriculum and Assessment Authority,verified,Queensland,Years 11-12,Health and Physical Education,Sample assessment instrument: Action research Unit 3 IA1 (Elective topic 3: Anxiety),2025,https://www.qcaa.qld.edu.au/downloads/senior-qce/hpe/snr_health_25_unit3_ia1_e3_smple_ass_inst.pdf,PDF (201.3 KB; 9 pages); linked from subject page under Sample assessment instruments,CC BY 4.0 (https://creativecommons.org/licenses/by/4.0/),2026-09-02,sha256:db6bb035876cb5be70bb443f8981e43a950d53e729df8ca7ebf27020bd11d8e0,current
QCAA,statutory curriculum authority,https://www.qcaa.qld.edu.au/about/governance/legislation,Queensland Curriculum and Assessment Authority,verified,Queensland,Years 11-12,Health and Physical Education,Sample assessment instrument: Examination extended response Unit 3 IA2 (Elective topic 2: Transport safety),2025,https://www.qcaa.qld.edu.au/downloads/senior-qce/hpe/snr_health_25_unit3_ia2_e2_smple_ass_inst.pdf,PDF (159.9 KB; 6 pages); linked from subject page under Sample assessment instruments,CC BY 4.0 (https://creativecommons.org/licenses/by/4.0/),2026-09-02,sha256:bb5b25d6596c488584000bb3085c5871908c8f0b7ab575ba18903691f42c6583,current
QCAA,statutory curriculum authority,https://www.qcaa.qld.edu.au/about/governance/legislation,Queensland Curriculum and Assessment Authority,verified,Queensland,Years 11-12,Health and Physical Education,Sample stimulus book: Unit 3 IA2 (Elective topic 2: Transport safety),2025,https://www.qcaa.qld.edu.au/downloads/senior-qce/hpe/snr_health_25_ia2_e2_smple_stim.pdf,PDF (396.4 KB; 6 pages); linked from subject page under Sample assessment instruments,CC BY 4.0 (https://creativecommons.org/licenses/by/4.0/),2026-09-02,sha256:d9304bfd12ab11083f8cd20d73c409c229466ffa5c211fd997c863131b71c803,current
QCAA,statutory curriculum authority,https://www.qcaa.qld.edu.au/about/governance/legislation,Queensland Curriculum and Assessment Authority,verified,Queensland,Years 11-12,Health and Physical Education,Sample assessment instrument: Investigation Unit 4 IA3,2025,https://www.qcaa.qld.edu.au/downloads/senior-qce/hpe/snr_health_25_unit4_ia3_smple_ass_inst.pdf,PDF (200.2 KB; 8 pages); linked from subject page under Sample assessment instruments,CC BY 4.0 (https://creativecommons.org/licenses/by/4.0/),2026-09-02,sha256:293338307a1d8390f1059c368af2ae295799454d2214a3070b446e283dcb0801,current
QCAA,statutory curriculum authority,https://www.qcaa.qld.edu.au/about/governance/legislation,Queensland Curriculum and Assessment Authority,verified,Queensland,Years 11-12,Health and Physical Education,Past paper: Marking guide and sample response 2025,2025,https://www.qcaa.qld.edu.au/downloads/senior-qce/hpe/snr_health_25_ea_mark_guide_pub.pdf,PDF (263.1 KB; 9 pages); historical external assessment paper for the 2025 study year,CC BY 4.0 (https://creativecommons.org/licenses/by/4.0/),2026-09-02,sha256:4086730a87b5c7d8cb2e42813d3a9972940cef6010e289d53cbbf3911e6055fb,historical
QCAA,statutory curriculum authority,https://www.qcaa.qld.edu.au/about/governance/legislation,Queensland Curriculum and Assessment Authority,verified,Queensland,Years 11-12,Health and Physical Education,Past paper: Question and response book 2025,2025,https://www.qcaa.qld.edu.au/downloads/senior-qce/hpe/snr_health_25_ea_question_response.pdf,PDF (876.2 KB; 20 pages); historical external assessment paper for the 2025 study year,CC BY 4.0 (https://creativecommons.org/licenses/by/4.0/),2026-09-02,sha256:3b9aea4bdfe7d161d252781eaf6f65d11480ac05619003c0f2a60a855845d7a4,historical
QCAA,statutory curriculum authority,https://www.qcaa.qld.edu.au/about/governance/legislation,Queensland Curriculum and Assessment Authority,verified,Queensland,Years 11-12,Health and Physical Education,Past paper: Stimulus book 2025,2025,https://www.qcaa.qld.edu.au/downloads/senior-qce/hpe/snr_health_25_ea_stimulus.pdf,PDF (440.5 KB; 8 pages); historical external assessment paper for the 2025 study year,CC BY 4.0 (https://creativecommons.org/licenses/by/4.0/),2026-09-02,sha256:dd88a5ed33ab07e813ccf4e2b1191f9b33fbdbafd71e1a5eb1b82b600bd6c14a,historical